,origin1,origin2,cubed,negative_root3,combined
0,2,2,2,1,1
1,0,0,0,3,1
2,0,0,0,3,1
3,3,1,3,1,2
4,2,1,2,2,2
5,1,3,2,0,0
6,2,3,2,0,0
7,3,1,2,2,3
8,1,0,0,3,2
9,1,0,1,2,2
10,3,1,3,3,3
11,3,0,2,3,3
12,0,1,0,2,0
13,3,3,3,0,1
14,2,1,1,2,1
15,0,2,1,1,1
16,0,0,0,3,2
17,0,3,2,0,0
18,1,1,0,3,2
19,3,0,3,3,3
20,1,1,1,2,1
21,0,1,1,2,2
22,2,3,2,0,0
23,2,3,2,0,0
24,1,1,1,2,2
25,0,0,0,3,2
26,3,2,3,1,2
27,0,3,0,0,0
28,3,3,3,0,1
29,3,2,2,1,2
30,3,0,3,3,3
31,2,2,1,1,1
32,0,0,0,3,2
33,2,1,2,2,2
34,1,3,1,1,0
35,0,3,0,0,0
36,1,0,1,3,2
37,2,3,3,0,1
38,1,3,1,0,0
39,3,1,2,2,2
40,2,0,2,3,3
41,3,3,2,0,1
42,3,1,3,2,3
43,1,3,1,0,0
44,0,0,0,3,1
45,2,3,3,1,1
46,1,3,1,0,0
47,1,2,0,0,0
48,2,3,2,0,0
49,3,3,3,0,2
50,1,0,0,3,2
51,0,3,0,0,0
52,3,2,3,0,1
53,0,0,1,3,2
54,0,2,0,1,0
55,1,2,2,2,1
56,1,2,1,1,1
57,0,2,0,1,0
58,2,0,2,2,2
59,0,2,0,1,0
60,3,0,3,3,3
61,2,0,2,3,3
62,3,3,2,0,1
63,2,1,2,2,2
64,3,2,3,1,3
65,3,2,3,1,2
66,0,1,1,2,2
67,2,3,2,0,0
68,0,3,0,0,0
69,1,1,2,2,2
70,3,1,3,2,3
71,0,0,1,3,2
72,3,0,3,3,3
73,0,0,0,2,1
74,0,1,0,2,0
75,2,1,2,3,3
76,2,0,2,3,3
77,0,3,2,1,1
78,1,0,1,3,2
79,0,1,1,2,2
80,2,1,2,3,3
81,1,0,1,3,3
82,0,0,2,3,3
83,3,2,3,1,3
84,3,0,3,2,2
85,0,1,0,2,0
86,1,3,1,0,0
87,2,0,2,3,3
88,0,2,0,1,0
89,3,0,3,3,3
90,0,3,1,0,0
91,2,2,2,1,1
92,1,2,0,1,0
93,2,0,2,3,3
94,3,2,3,1,2
95,3,0,3,3,3
96,1,0,1,3,2
97,1,1,1,2,2
98,3,1,3,2,3
99,2,0,3,3,3
100,0,0,0,3,3
101,3,0,2,3,3
102,3,2,3,1,3
103,0,3,0,0,0
104,1,1,2,2,2
105,2,3,2,0,0
106,2,0,3,3,3
107,3,0,3,3,3
108,0,3,0,0,0
109,2,1,2,2,3
110,1,3,1,0,0
111,2,0,3,3,3
112,1,2,2,2,2
113,2,3,2,0,1
114,0,0,1,3,3
115,1,1,2,2,2
116,3,3,2,0,1
117,3,3,2,0,1
118,1,2,1,2,1
119,1,0,1,3,2
120,1,2,1,1,1
121,3,1,3,3,3
122,1,0,1,3,2
123,3,0,2,3,3
124,0,3,0,0,0
125,0,3,0,1,0
126,1,1,2,1,1
127,1,2,2,1,1
128,3,3,3,0,1
129,3,2,3,2,3
130,0,0,0,3,1
131,0,3,0,0,0
132,3,2,3,0,2
133,2,3,3,0,1
134,0,1,0,1,0
135,2,2,3,1,2
136,0,3,1,0,0
137,0,0,0,3,2
138,3,0,3,3,3
139,3,1,3,3,3
140,2,0,1,3,3
141,1,2,0,1,1
142,0,1,0,2,1
143,0,3,0,0,0
144,3,0,3,2,3
145,0,0,0,3,2
146,3,2,3,1,2
147,0,3,0,0,0
148,0,3,0,0,0
149,3,1,3,1,2
150,1,1,1,1,1
151,3,1,3,2,3
152,0,1,1,2,1
153,0,3,0,0,0
154,2,1,2,3,3
155,0,3,1,0,0
156,0,2,0,1,0
157,0,2,0,0,0
158,0,0,0,2,2
159,1,3,2,1,1
160,0,0,1,3,3
161,1,2,1,1,1
162,2,1,2,2,2
163,2,1,1,3,2
164,3,2,3,1,2
165,1,1,1,2,2
166,0,3,0,1,0
167,3,2,3,1,2
168,2,0,2,3,3
169,3,0,3,3,3
170,2,2,2,1,2
171,2,0,2,3,3
172,0,1,0,2,1
173,2,1,2,2,2
174,3,2,2,1,2
175,0,3,0,1,0
176,2,2,2,0,0
177,0,2,0,1,0
178,1,0,1,3,3
179,3,1,3,1,3
180,3,2,3,1,2
181,3,1,3,2,3
182,1,0,0,3,2
183,1,2,1,1,1
184,1,1,1,2,2
185,0,0,0,2,2
186,2,0,2,3,3
187,2,1,1,2,1
188,2,0,3,3,3
189,2,1,2,2,2
190,2,0,1,3,3
191,0,2,0,1,0
192,1,1,2,2,2
193,3,3,3,1,2
194,3,0,2,3,3
195,1,3,1,0,0
196,3,3,3,0,2
197,0,2,0,0,0
198,1,0,1,3,2
199,1,2,1,1,1
200,0,3,0,0,0
201,3,2,2,1,1
202,1,0,1,3,3
203,2,1,0,2,1
204,1,3,1,0,0
205,2,3,2,1,1
206,0,3,0,1,0
207,1,3,0,0,0
208,0,2,1,1,1
209,2,3,2,0,1
210,1,0,0,3,2
211,0,1,0,2,1
212,1,2,2,1,1
213,0,2,0,1,0
214,0,3,0,0,0
215,3,0,3,2,3
216,1,1,1,1,1
217,1,3,1,0,0
218,2,0,3,3,3
219,2,0,1,3,2
220,2,2,2,1,1
221,1,1,1,1,1
222,0,3,0,1,0
223,0,0,0,3,3
224,0,0,0,3,2
225,2,1,2,2,3
226,0,3,0,0,0
227,2,0,2,3,3
228,3,1,3,2,2
229,1,0,1,3,2
230,2,3,3,0,1
231,0,2,0,1,0
232,1,0,1,2,2
233,0,1,0,2,1
234,3,3,3,0,1
235,3,3,2,0,1
236,0,1,1,2,2
237,0,0,1,3,2
238,1,0,1,2,2
239,0,2,0,1,0
240,3,1,3,2,3
241,0,3,0,0,0
242,0,0,0,3,2
243,2,0,2,3,3
244,0,1,1,2,2
245,1,3,0,0,0
246,2,2,1,1,1
247,2,3,2,0,1
248,2,0,1,2,2
249,1,2,0,1,0
250,0,1,0,2,1
251,2,3,2,0,1
252,0,0,0,2,1
253,1,2,0,1,1
254,1,1,2,2,2
255,0,3,0,0,0
256,0,0,0,3,1
257,0,2,2,0,0
258,0,0,0,3,2
259,1,1,0,2,1
260,3,2,3,2,2
261,0,0,1,3,3
262,1,2,1,1,1
263,1,3,0,0,0
264,0,2,1,2,1
265,2,2,1,1,1
266,0,2,2,1,1
267,1,2,2,0,0
268,0,0,0,3,1
269,3,1,3,2,3
270,1,0,0,3,3
271,1,2,0,2,0
272,3,1,3,3,3
273,0,1,0,2,1
274,2,0,1,3,2
275,0,2,0,1,0
276,3,1,3,3,3
277,1,1,1,2,2
278,1,1,1,2,2
279,2,1,2,2,2
280,1,2,1,1,0
281,2,0,0,3,2
282,1,3,1,0,0
283,1,2,1,1,0
284,0,3,0,0,0
285,1,3,1,0,0
286,1,1,0,2,1
287,0,3,0,0,0
288,0,3,0,0,0
289,2,2,2,2,2
290,0,3,1,0,0
291,3,3,3,0,1
292,2,2,1,1,1
293,1,2,1,1,1
294,1,1,1,2,1
295,2,0,1,3,2
296,2,0,2,3,3
297,2,1,2,2,2
298,1,3,1,0,0
299,0,3,0,0,0
300,0,2,1,0,0
301,1,2,1,1,1
302,3,0,3,3,3
303,2,3,3,0,0
304,1,0,1,2,2
305,2,1,2,2,2
306,3,3,3,0,1
307,1,1,0,2,1
308,3,2,3,1,2
309,0,0,1,3,3
310,2,2,2,1,2
311,1,1,0,2,1
312,2,0,2,3,3
313,2,3,1,0,0
314,2,2,1,1,1
315,3,3,3,0,1
316,3,1,3,2,3
317,1,2,1,1,1
318,2,3,2,0,1
319,0,2,0,2,0
320,1,2,0,1,0
321,0,0,0,3,1
322,0,0,0,3,2
323,1,1,2,3,2
324,3,1,3,2,3
325,0,3,0,0,0
326,0,1,1,2,1
327,1,3,1,0,0
328,3,0,3,3,3
329,0,3,1,1,0
330,0,0,0,2,1
331,1,2,1,1,1
332,1,0,2,3,3
333,2,1,2,2,2
334,1,2,1,2,1
335,3,3,3,0,1
336,0,3,0,0,0
337,3,1,3,2,3
338,1,0,2,3,3
339,0,3,1,0,0
340,3,1,3,2,3
341,2,3,1,0,0
342,2,2,2,1,1
343,0,3,1,0,0
344,1,0,1,3,3
345,3,0,3,3,3
346,3,3,3,0,1
347,0,0,1,3,3
348,1,3,0,0,0
349,3,2,3,1,3
350,0,2,0,1,0
351,3,3,3,1,2
352,2,2,2,1,1
353,0,1,1,2,2
354,0,3,0,0,0
355,2,3,3,0,1
356,0,1,0,2,2
357,0,1,2,2,2
358,0,0,1,2,2
359,1,3,1,0,0
360,3,1,3,2,3
361,3,1,3,2,3
362,2,0,2,3,3
363,1,2,2,1,1
364,2,0,2,2,2
365,1,1,1,2,2
366,3,2,2,1,1
367,2,1,2,1,1
368,2,2,2,1,1
369,3,3,3,0,1
370,1,0,0,2,1
371,3,3,3,0,0
372,3,1,2,2,2
373,1,2,2,1,1
374,2,2,2,1,1
375,2,1,2,2,2
376,2,2,2,1,1
377,0,3,0,0,0
378,0,0,0,2,1
379,3,3,2,0,0
380,3,3,2,0,1
381,1,3,1,0,0
382,1,3,0,1,0
383,0,2,0,2,1
384,2,2,3,1,2
385,1,2,2,1,1
386,0,2,1,0,0
387,2,0,2,3,3
388,2,0,1,3,3
389,1,2,1,0,0
390,3,3,3,0,1
391,1,0,1,2,2
392,2,3,2,0,1
393,1,2,1,1,1
394,0,2,0,1,0
395,3,2,3,1,3
396,3,1,3,2,3
397,0,0,0,3,2
398,0,1,0,1,0
399,0,3,0,0,0
400,2,1,3,2,3
401,1,1,2,3,3
402,3,1,3,1,2
403,0,2,0,2,0
404,3,1,3,2,3
405,0,2,2,1,1
406,0,0,0,3,2
407,1,2,0,0,0
408,0,3,0,1,0
409,3,2,3,1,2
410,3,1,3,2,3
411,0,1,0,2,1
412,2,2,2,1,2
413,1,3,1,0,0
414,0,3,0,0,0
415,2,3,2,0,1
416,0,1,0,2,1
417,2,3,2,1,1
418,3,3,3,0,1
419,1,0,1,3,2
420,2,0,2,3,3
421,3,1,3,2,3
422,3,1,3,0,1
423,2,3,1,0,0
424,3,2,2,0,1
425,2,2,3,1,2
426,2,2,2,1,1
427,1,1,0,2,1
428,0,2,0,1,0
429,0,3,0,0,0
430,1,2,2,0,0
431,1,2,0,0,0
432,1,0,1,3,3
433,2,3,2,0,1
434,3,1,3,2,3
435,3,3,3,0,1
436,0,0,0,3,1
437,3,0,3,3,3
438,1,2,0,1,0
439,0,0,1,3,3
440,2,2,2,0,1
441,3,3,2,0,0
442,3,2,2,1,1
443,2,3,2,0,1
444,0,1,0,2,0
445,0,0,0,3,2
446,0,1,1,2,1
447,0,3,0,0,0
448,1,1,0,1,0
449,3,3,3,0,1
450,2,3,3,1,2
451,3,3,2,0,1
452,0,1,1,2,2
453,1,3,1,0,0
454,0,1,1,2,2
455,3,2,3,1,2
456,1,1,1,2,2
457,2,3,2,1,1
458,1,3,1,0,0
459,3,1,3,1,3
460,1,1,1,3,3
461,1,0,0,3,2
462,3,1,3,2,3
463,3,1,2,2,3
464,2,0,1,3,2
465,0,2,0,1,0
466,1,2,1,2,1
467,1,2,2,1,1
468,1,3,0,0,0
469,2,0,2,3,3
470,3,2,2,1,1
471,3,3,3,1,2
472,0,1,1,2,2
473,2,1,3,2,3
474,2,2,2,0,0
475,0,1,0,2,0
476,2,0,2,3,3
477,3,2,2,1,2
478,3,0,3,3,3
479,1,3,1,0,0
480,1,0,0,3,3
481,1,0,2,3,3
482,0,1,0,1,0
483,1,2,2,0,0
484,1,0,0,3,2
485,3,2,3,1,2
486,0,0,1,3,2
487,0,1,1,2,2
488,3,1,3,2,3
489,2,0,2,3,3
490,3,2,3,1,2
491,1,1,0,2,1
492,0,3,0,0,0
493,0,3,1,0,0
494,1,1,1,2,2
495,0,2,1,1,1
496,1,3,1,0,0
497,2,1,2,2,2
498,3,2,3,1,2
499,3,3,3,0,1
500,1,0,2,3,3
501,1,1,1,2,2
502,1,2,1,1,1
503,1,3,1,0,0
504,3,0,3,3,3
505,2,0,2,3,3
506,1,0,0,3,2
507,0,1,0,2,1
508,1,0,2,3,3
509,1,1,1,2,1
510,3,0,3,3,3
511,3,3,3,1,2
512,0,3,0,0,0
513,3,1,3,2,3
514,2,0,2,3,3
515,2,0,1,3,3
516,1,1,2,3,3
517,2,1,3,0,2
518,3,0,3,3,3
519,0,0,2,2,2
520,0,0,0,2,2
521,3,0,3,3,3
522,2,2,2,1,1
523,0,0,0,3,2
524,2,2,2,1,1
525,2,2,1,0,0
526,2,2,2,0,1
527,2,2,3,1,2
528,2,3,1,0,0
529,3,2,3,1,2
530,2,0,2,3,3
531,3,0,3,3,3
532,3,2,2,1,2
533,0,2,0,1,0
534,1,2,0,2,1
535,1,0,1,3,3
536,1,0,1,3,3
537,2,1,1,3,2
538,1,2,1,1,1
539,2,3,2,0,1
540,3,2,3,1,2
541,0,3,0,1,0
542,1,0,1,3,3
543,1,1,1,2,1
544,0,3,0,0,0
545,0,2,0,0,0
546,1,0,1,3,3
547,2,3,2,0,0
548,1,0,1,3,3
549,3,2,3,1,2
550,0,2,0,1,1
551,0,0,2,3,3
552,0,2,0,2,1
553,2,1,2,2,2
554,3,2,2,1,2
555,3,2,3,1,2
556,1,0,1,3,3
557,0,0,0,2,1
558,0,1,0,1,0
559,0,2,1,2,1
560,1,0,1,3,3
561,0,1,0,2,1
562,2,1,1,2,2
563,1,0,1,3,3
564,1,1,2,2,2
565,0,2,0,1,0
566,2,3,2,0,1
567,0,0,0,3,2
568,0,1,0,2,1
569,0,2,0,1,0
570,0,3,1,0,0
571,3,2,2,1,2
572,3,1,2,2,3
573,1,2,1,1,1
574,1,1,0,2,2
575,3,2,3,1,2
576,2,1,3,1,3
577,3,2,2,1,1
578,2,3,0,0,0
579,0,1,0,2,0
580,2,3,3,0,1
581,3,2,2,1,2
582,3,2,3,1,3
583,1,1,1,1,1
584,2,0,0,3,2
585,0,1,0,2,1
586,2,3,3,0,1
587,1,0,1,3,2
588,3,0,3,3,3
589,1,1,2,3,3
590,0,2,0,1,0
591,3,0,3,3,3
592,2,1,2,1,1
593,0,3,0,1,0
594,0,1,1,2,1
595,0,2,0,1,1
596,1,1,0,1,0
597,2,2,2,1,1
598,1,3,1,0,0
599,2,0,2,3,3
600,2,1,2,2,2
601,0,3,1,0,0
602,0,2,0,1,0
603,1,2,1,2,1
604,1,2,0,1,0
605,0,3,0,0,0
606,0,2,0,1,0
607,1,2,1,2,1
608,2,0,2,3,3
609,3,0,2,3,3
610,3,3,3,0,1
611,2,3,2,0,0
612,0,1,1,2,1
613,3,0,2,3,3
614,3,0,3,3,3
615,3,2,3,2,2
616,0,2,1,0,0
617,2,0,1,3,3
618,2,2,3,1,2
619,1,1,2,1,1
620,0,3,0,1,0
621,2,0,2,2,2
622,1,0,1,3,2
623,3,3,3,0,2
624,1,3,0,1,0
625,1,1,2,3,3
626,3,0,3,3,3
627,2,2,1,1,1
628,0,2,0,2,1
629,2,1,2,2,3
630,2,1,1,2,2
631,0,0,0,3,2
632,1,2,1,1,1
633,0,2,1,1,1
634,3,3,2,0,0
635,1,1,1,2,2
636,1,0,0,3,2
637,1,2,1,1,1
638,0,2,0,2,0
639,0,0,1,2,1
640,3,2,3,1,2
641,3,1,3,2,3
642,0,0,1,3,3
643,3,0,3,3,3
644,3,2,3,2,3
645,3,0,3,3,3
646,2,2,3,2,3
647,1,2,1,1,1
648,1,0,1,3,2
649,3,2,3,1,3
650,2,0,2,3,3
651,3,3,3,0,2
652,1,1,1,3,3
653,3,0,2,3,3
654,1,1,2,2,2
655,1,1,1,2,1
656,0,2,0,1,1
657,3,2,3,0,2
658,0,0,0,3,3
659,3,2,3,1,2
660,1,0,0,3,3
661,1,1,2,2,2
662,2,0,1,3,3
663,0,0,1,2,2
664,2,0,1,3,3
665,1,3,1,0,0
666,1,0,1,3,2
667,3,3,3,0,2
668,0,0,0,3,1
669,1,0,0,3,3
670,1,3,1,0,0
671,0,3,1,0,0
672,1,3,0,0,0
673,3,2,3,1,3
674,2,0,1,2,2
675,1,1,1,2,1
676,3,0,3,2,3
677,3,0,2,3,3
678,3,1,3,3,3
679,0,1,0,2,2
680,2,3,1,0,0
681,2,3,3,0,1
682,0,1,0,2,1
683,0,2,0,0,0
684,2,1,2,2,2
685,3,0,3,3,3
686,2,2,2,1,1
687,0,1,0,3,1
688,3,3,3,1,3
689,2,1,2,2,2
690,0,3,1,0,0
691,0,3,0,0,0
692,2,1,2,2,2
693,2,0,2,3,3
694,2,3,2,1,1
695,3,1,2,1,2
696,0,3,0,0,0
697,3,1,3,2,3
698,1,0,1,3,2
699,1,1,1,3,3
700,1,3,1,0,0
701,0,2,0,1,0
702,0,0,0,3,2
703,2,1,2,3,3
704,1,0,0,3,2
705,0,1,0,2,0
706,1,1,0,2,2
707,2,1,2,2,2
708,1,3,0,0,0
709,0,1,0,2,1
710,2,0,2,3,3
711,1,0,1,2,2
712,0,2,1,1,1
713,1,1,0,2,1
714,2,2,2,1,1
715,0,0,0,3,3
716,2,2,2,1,1
717,2,1,1,2,2
718,0,3,0,0,0
719,3,2,3,1,2
720,1,2,0,2,1
721,0,0,0,2,1
722,3,0,3,3,3
723,3,0,3,3,3
724,1,1,1,2,2
725,0,3,0,0,0
726,0,3,0,0,0
727,2,2,3,2,3
728,2,2,2,1,1
729,2,3,2,0,0
730,1,0,2,3,3
731,1,0,1,3,3
732,1,1,1,2,2
733,3,1,3,2,3
734,2,0,2,2,3
735,3,2,3,1,2
736,0,1,0,2,1
737,0,3,0,0,0
738,0,1,0,2,1
739,1,0,1,3,3
740,2,0,2,3,3
741,0,1,1,2,1
742,1,3,1,0,0
743,0,0,0,3,2
744,2,3,1,0,0
745,3,0,3,2,3
746,3,1,3,2,3
747,0,3,1,1,0
748,0,2,0,0,0
749,2,2,2,1,2
750,2,2,2,1,1
751,3,1,3,2,3
752,1,1,2,2,2
753,1,3,1,0,0
754,0,2,0,1,0
755,1,3,0,0,0
756,2,3,0,0,0
757,3,1,3,2,3
758,3,0,3,2,3
759,1,3,1,0,0
760,3,3,3,0,2
761,0,0,0,3,2
762,3,3,3,0,2
763,0,1,0,2,0
764,1,3,2,0,0
765,1,1,0,1,0
766,1,3,0,0,0
767,1,3,1,1,0
768,0,1,0,2,1
769,1,0,1,3,2
770,2,1,1,3,2
771,3,3,3,0,1
772,1,0,1,3,2
773,3,2,3,1,2
774,1,3,1,0,0
775,2,3,3,0,0
776,2,3,2,0,1
777,1,2,2,1,1
778,3,3,3,0,1
779,3,1,3,2,3
780,1,3,0,0,0
781,2,1,2,2,2
782,0,2,0,1,0
783,1,3,2,0,0
784,1,1,0,3,2
785,1,0,0,3,3
786,1,3,2,0,0
787,2,3,2,0,1
788,3,3,3,0,2
789,3,0,3,3,3
790,3,3,3,1,2
791,1,2,2,1,1
792,2,2,1,1,1
793,0,3,1,0,0
794,3,3,3,0,2
795,0,2,0,0,0
796,2,1,2,2,2
797,3,2,3,1,3
798,3,3,3,0,2
799,3,2,3,1,2
800,3,1,3,2,3
801,0,2,0,1,0
802,1,1,1,1,1
803,3,0,3,3,3
804,0,0,0,3,2
805,0,1,1,2,1
806,2,3,1,0,0
807,2,0,2,2,2
808,0,2,1,1,0
809,1,2,2,2,2
810,1,3,1,0,0
811,2,0,3,3,3
812,3,1,3,2,3
813,3,0,3,3,3
814,3,3,3,0,1
815,2,0,2,3,3
816,2,3,2,0,0
817,3,3,3,0,1
818,3,2,3,1,2
819,3,0,3,3,3
820,0,2,0,0,0
821,3,3,3,0,1
822,2,1,0,3,2
823,2,1,1,2,1
824,3,0,3,3,3
825,1,3,0,0,0
826,2,3,1,0,0
827,2,1,2,2,2
828,0,1,0,2,1
829,2,1,2,1,1
830,3,0,3,3,3
831,1,2,2,1,1
832,2,2,2,1,1
833,1,3,2,1,1
834,3,1,2,3,3
835,3,0,3,3,3
836,1,0,0,3,3
837,0,0,1,3,2
838,0,2,0,2,0
839,3,0,3,2,3
840,2,2,1,1,1
841,2,2,2,1,1
842,2,2,2,2,2
843,1,3,1,0,0
844,3,3,2,0,0
845,0,1,0,2,1
846,1,3,0,0,0
847,0,1,0,2,0
848,3,2,3,2,3
849,1,0,1,3,2
850,2,0,2,3,3
851,3,1,3,1,2
852,3,2,3,1,1
853,0,1,0,3,2
854,0,3,1,0,0
855,3,0,3,3,3
856,3,1,3,2,3
857,0,2,0,0,0
858,2,2,2,1,1
859,0,1,0,3,2
860,2,0,2,3,3
861,2,3,2,0,0
862,1,0,1,3,3
863,1,1,1,1,1
864,0,1,1,3,2
865,1,0,1,3,3
866,0,1,0,2,1
867,1,0,0,3,2
868,1,3,1,0,0
869,0,3,0,0,0
870,0,2,1,0,0
871,1,2,1,1,0
872,0,2,1,1,1
873,1,0,0,3,2
874,2,2,2,2,2
875,3,2,3,1,3
876,2,3,2,0,0
877,0,3,0,0,0
878,0,0,0,3,2
879,3,0,3,3,3
880,3,2,3,1,2
881,0,0,0,3,3
882,3,3,3,0,1
883,2,3,2,0,0
884,2,0,2,3,3
885,0,1,0,2,1
886,2,1,2,1,2
887,0,2,0,2,1
888,3,0,3,3,3
889,0,2,0,1,0
890,1,0,1,3,2
891,1,1,0,2,2
892,3,0,3,3,3
893,2,0,2,3,3
894,0,1,2,1,1
895,0,0,1,3,3
896,2,3,2,0,1
897,0,1,0,1,0
898,2,3,2,0,0
899,2,1,2,2,2
900,3,1,3,2,3
901,2,0,2,3,3
902,3,3,3,0,2
903,0,1,2,2,2
904,0,2,1,1,1
905,0,1,0,2,1
906,3,3,3,0,2
907,0,0,1,2,2
908,2,1,1,2,1
909,1,2,1,1,0
910,0,1,0,2,0
911,2,2,2,1,1
912,3,3,3,1,2
913,1,1,0,2,2
914,0,3,0,0,0
915,1,3,1,0,0
916,0,2,0,1,0
917,3,2,3,1,2
918,2,2,0,1,0
919,2,0,2,3,3
920,1,2,1,1,0
921,1,1,0,2,1
922,2,1,1,3,2
923,0,3,0,0,0
924,3,2,3,0,2
925,2,3,2,0,0
926,2,0,2,3,3
927,3,0,3,3,3
928,1,2,1,1,1
929,1,0,0,3,2
930,2,0,2,3,3
931,3,3,3,0,1
932,3,2,3,1,2
933,2,1,2,1,1
934,2,2,2,0,1
935,1,0,0,3,2
936,1,0,0,3,3
937,2,3,2,0,1
938,1,2,2,1,1
939,2,2,3,1,2
940,0,1,0,3,1
941,2,2,2,1,2
942,3,3,2,0,0
943,2,1,2,2,2
944,1,2,1,0,0
945,0,0,0,3,2
946,3,0,3,3,3
947,1,0,1,2,2
948,0,1,0,2,1
949,3,3,2,0,0
950,3,0,3,3,3
951,0,1,0,2,1
952,3,2,3,2,2
953,2,0,2,3,3
954,3,0,3,3,3
955,3,0,3,3,3
956,1,1,0,2,1
957,1,1,0,2,1
958,3,2,3,1,2
959,2,0,2,2,2
960,0,3,2,0,0
961,2,1,2,2,2
962,2,3,2,0,0
963,2,2,2,1,1
964,2,0,2,3,3
965,0,2,0,0,0
966,3,1,3,2,3
967,1,3,1,0,0
968,2,2,3,0,1
969,1,3,1,0,0
970,1,2,2,0,1
971,2,1,1,1,1
972,2,0,3,3,3
973,3,0,2,2,3
974,3,2,3,1,2
975,0,2,0,2,0
976,2,2,1,1,1
977,0,1,0,2,1
978,0,3,0,0,0
979,2,3,2,0,0
980,3,3,3,1,2
981,0,1,0,3,1
982,0,3,0,0,0
983,3,2,3,2,2
984,2,2,1,2,2
985,3,3,3,0,1
986,0,2,2,1,1
987,2,2,2,1,1
988,0,1,1,2,1
989,3,3,2,0,0
990,2,2,2,1,2
991,0,3,1,0,0
992,3,0,2,3,3
993,3,3,3,0,1
994,1,0,1,3,3
995,0,0,1,3,3
996,3,1,3,3,3
997,1,1,1,2,1
998,2,3,1,0,0
999,0,0,1,3,3
1000,1,1,2,2,2
1001,2,2,2,1,2
1002,3,1,3,2,3
1003,3,2,3,1,2
1004,2,3,2,0,0
1005,0,3,0,0,0
1006,0,1,1,2,2
1007,2,1,2,3,3
1008,0,1,0,1,0
1009,1,3,1,1,0
1010,0,0,1,3,3
1011,3,2,3,1,2
1012,3,0,3,3,3
1013,2,2,2,1,1
1014,1,3,1,0,0
1015,2,1,3,3,3
1016,2,2,2,0,1
1017,0,0,0,3,2
1018,1,0,2,3,3
1019,2,3,2,1,1
1020,0,0,1,3,3
1021,1,0,2,3,3
1022,3,1,3,2,3
1023,2,2,1,2,1
1024,0,1,0,1,0
1025,0,1,1,2,1
1026,2,3,2,0,0
1027,2,2,2,1,1
1028,1,2,1,1,1
1029,2,2,1,1,1
1030,3,1,2,3,3
1031,0,2,0,0,0
1032,3,0,3,3,3
1033,1,3,1,0,0
1034,2,2,2,1,2
1035,0,2,0,1,0
1036,0,1,1,2,2
1037,2,1,1,2,2
1038,3,2,3,1,2
1039,0,2,1,2,1
1040,3,0,3,3,3
1041,2,1,2,2,3
1042,0,3,1,1,0
1043,3,0,3,3,3
1044,0,2,0,1,0
1045,0,3,0,0,0
1046,1,2,0,2,1
1047,3,1,3,2,3
1048,1,1,0,3,2
1049,2,3,2,0,0
1050,3,1,3,2,2
1051,0,1,0,2,1
1052,3,1,3,2,3
1053,2,0,1,3,3
1054,2,0,2,3,3
1055,0,3,0,0,0
1056,3,2,3,1,2
1057,0,1,1,1,1
1058,3,2,3,1,2
1059,1,3,2,0,1
1060,1,0,0,3,2
1061,2,1,1,2,2
1062,2,2,2,1,2
1063,2,1,2,1,1
1064,1,0,1,3,3
1065,3,3,3,0,1
1066,2,0,2,3,3
1067,3,2,3,2,2
1068,1,0,1,3,3
1069,0,0,0,2,2
1070,3,3,3,0,1
1071,2,1,2,2,2
1072,2,0,2,3,3
1073,2,1,1,3,2
1074,1,2,1,1,1
1075,1,2,0,1,0
1076,2,0,2,3,3
1077,1,1,0,2,1
1078,1,3,1,0,0
1079,1,2,2,1,1
1080,0,1,1,1,1
1081,1,2,1,1,1
1082,0,3,0,0,0
1083,1,2,0,2,1
1084,0,3,1,0,0
1085,0,0,1,2,2
1086,3,0,2,3,3
1087,3,3,3,0,1
1088,3,0,2,3,3
1089,3,3,3,0,1
1090,0,2,0,2,0
1091,1,2,2,1,1
1092,1,1,1,2,2
1093,1,0,1,3,3
1094,3,1,3,2,3
1095,2,2,2,1,1
1096,1,3,2,0,0
1097,1,3,1,0,0
1098,3,3,2,0,0
1099,2,0,1,3,3
1100,3,2,3,1,2
1101,3,2,3,0,1
1102,3,0,3,3,3
1103,3,2,3,2,2
1104,1,1,1,2,2
1105,3,0,3,3,3
1106,3,1,3,2,3
1107,1,0,2,3,3
1108,3,1,3,2,3
1109,1,2,1,1,1
1110,0,2,0,1,0
1111,2,3,3,0,1
1112,3,0,3,3,3
1113,3,1,3,2,3
1114,0,3,0,0,0
1115,1,0,0,3,2
1116,3,3,3,1,3
1117,3,0,3,3,3
1118,2,2,2,1,2
1119,1,0,0,3,2
1120,3,2,3,1,2
1121,1,0,1,3,3
1122,3,2,3,1,3
1123,0,2,0,1,0
1124,3,1,3,3,3
1125,3,1,3,2,3
1126,0,1,0,3,2
1127,2,0,1,3,3
1128,3,1,2,1,2
1129,1,1,1,2,2
1130,2,3,1,0,0
1131,2,2,2,1,1
1132,1,3,0,0,0
1133,3,0,2,3,3
1134,2,2,2,1,1
1135,2,1,2,2,2
1136,2,1,2,2,2
1137,2,3,2,0,0
1138,0,2,0,1,0
1139,0,0,0,3,3
1140,0,1,1,2,1
1141,3,1,3,2,3
1142,0,1,0,2,1
1143,1,0,1,3,3
1144,0,0,0,3,2
1145,0,3,0,0,0
1146,1,2,1,0,0
1147,0,1,0,2,0
1148,2,2,2,2,2
1149,1,1,0,2,1
1150,2,1,2,3,3
1151,3,2,3,1,2
1152,3,0,2,3,3
1153,0,0,0,3,2
1154,1,1,1,2,2
1155,3,2,3,1,3
1156,3,2,3,1,2
1157,1,3,1,0,0
1158,2,1,2,2,2
1159,2,1,2,2,2
1160,0,1,0,2,1
1161,1,0,1,3,3
1162,3,3,3,0,2
1163,1,0,1,3,2
1164,2,3,1,0,0
1165,3,1,3,2,2
1166,1,0,2,3,3
1167,2,3,3,0,1
1168,1,1,1,1,1
1169,0,3,1,0,0
1170,1,2,0,0,0
1171,3,1,3,2,3
1172,0,0,0,3,1
1173,2,1,2,1,1
1174,0,1,2,1,1
1175,1,3,2,0,0
1176,3,1,3,2,2
1177,0,1,0,2,1
1178,0,2,0,1,0
1179,2,1,3,2,3
1180,0,3,0,0,0
1181,0,1,2,2,2
1182,3,2,3,1,2
1183,3,1,3,2,3
1184,3,0,3,2,3
1185,0,0,2,3,3
1186,1,0,0,3,2
1187,1,2,1,1,1
1188,3,1,3,2,3
1189,2,1,2,2,2
1190,0,1,0,3,2
1191,2,2,2,1,1
1192,2,3,3,0,1
1193,1,2,2,1,1
1194,3,2,3,1,2
1195,0,3,0,0,0
1196,1,1,1,2,1
1197,3,1,3,2,3
1198,0,2,1,1,0
1199,1,0,1,3,3
1200,3,1,3,2,3
1201,1,2,2,1,1
1202,0,3,1,1,1
1203,1,3,0,0,0
1204,0,1,0,2,2
1205,0,1,0,2,1
1206,0,0,0,3,2
1207,1,1,1,2,1
1208,1,0,1,2,2
1209,1,3,1,0,0
1210,2,2,0,2,1
1211,2,0,1,3,2
1212,2,3,2,0,0
1213,3,3,2,0,0
1214,1,3,2,0,0
1215,1,2,1,1,1
1216,1,2,2,1,1
1217,1,3,1,0,0
1218,0,2,0,2,0
1219,1,0,1,3,3
1220,2,0,2,3,3
1221,2,3,3,0,1
1222,3,0,3,3,3
1223,0,2,1,1,0
1224,3,1,3,2,3
1225,3,1,3,2,2
1226,2,3,3,0,2
1227,0,3,0,1,0
1228,2,0,1,3,3
1229,0,2,0,1,0
1230,3,1,2,2,2
1231,2,2,2,1,1
1232,0,1,1,3,3
1233,3,0,3,3,3
1234,2,1,1,2,2
1235,1,3,2,0,0
1236,3,1,3,1,3
1237,1,3,1,0,0
1238,2,2,2,2,1
1239,3,3,3,0,1
1240,0,1,2,2,2
1241,1,0,0,3,3
1242,1,1,0,2,1
1243,3,2,3,0,2
1244,2,3,2,1,1
1245,3,1,3,2,3
1246,0,0,0,3,2
1247,3,3,3,0,1
1248,3,2,3,2,3
1249,2,2,2,2,2
1250,1,2,1,1,0
1251,2,3,1,0,0
1252,3,1,3,2,3
1253,2,3,2,0,1
1254,1,1,1,2,1
1255,3,0,3,3,3
1256,2,1,3,1,2
1257,3,3,3,0,2
1258,2,3,3,0,1
1259,0,3,0,0,0
1260,3,0,3,2,3
1261,2,2,2,1,1
1262,3,0,3,3,3
1263,2,3,2,0,1
1264,0,1,0,2,1
1265,1,1,1,1,1
1266,1,2,1,0,0
1267,3,1,3,2,3
1268,0,2,0,1,0
1269,2,0,2,3,3
1270,0,0,0,3,2
1271,2,3,2,0,1
1272,1,0,1,3,3
1273,0,3,0,0,0
1274,2,2,2,1,1
1275,2,1,2,2,2
1276,2,3,2,1,1
1277,2,0,2,3,3
1278,0,0,1,3,3
1279,2,2,2,1,1
1280,0,0,0,3,2
1281,3,2,3,1,2
1282,1,2,1,2,1
1283,3,1,3,2,3
1284,0,3,0,0,0
1285,3,0,3,3,3
1286,0,3,0,0,0
1287,2,3,0,0,0
1288,3,2,2,1,2
1289,2,0,1,3,3
1290,0,1,1,3,2
1291,1,0,1,3,2
1292,1,0,0,3,2
1293,2,3,3,0,1
1294,3,3,3,0,1
1295,1,3,1,1,1
1296,3,2,3,1,3
1297,2,2,1,1,1
1298,2,1,3,3,3
1299,3,1,3,2,3
1300,3,3,3,0,1
1301,1,3,0,0,0
1302,0,1,0,2,1
1303,3,3,3,1,2
1304,3,0,3,3,3
1305,3,1,3,3,3
1306,1,1,1,3,2
1307,2,3,2,0,0
1308,1,1,0,1,1
1309,1,1,1,1,1
1310,3,1,3,2,3
1311,2,3,3,0,1
1312,0,1,1,3,2
1313,0,3,0,1,0
1314,0,3,0,0,0
1315,2,2,3,0,2
1316,2,2,2,1,1
1317,2,1,2,2,2
1318,0,3,0,0,0
1319,2,2,1,1,1
1320,2,0,3,3,3
1321,2,0,1,3,3
1322,2,0,2,3,3
1323,0,3,1,0,0
1324,0,2,0,1,0
1325,2,2,2,1,1
1326,2,2,2,1,1
1327,3,2,3,1,2
1328,3,1,3,2,3
1329,3,0,3,3,3
1330,2,2,3,1,1
1331,1,2,1,1,0
1332,3,0,2,3,3
1333,1,3,2,0,1
1334,0,1,0,2,1
1335,3,2,3,1,2
1336,1,1,1,2,1
1337,0,0,0,3,1
1338,3,3,3,0,1
1339,0,0,0,3,2
1340,3,1,3,2,3
1341,2,2,1,2,1
1342,0,0,0,3,2
1343,0,1,0,2,1
1344,3,1,3,2,3
1345,2,2,1,0,0
1346,0,1,1,1,1
1347,1,0,0,3,2
1348,0,0,0,2,1
1349,2,2,1,1,0
1350,0,3,1,0,0
1351,1,2,2,1,1
1352,3,2,3,1,3
1353,1,1,0,2,1
1354,1,3,1,0,0
1355,3,0,3,3,3
1356,3,2,3,2,3
1357,1,0,0,3,3
1358,1,1,1,2,2
1359,3,1,3,2,3
1360,0,0,0,3,1
1361,3,1,3,1,2
1362,2,3,2,0,0
1363,2,3,2,1,1
1364,2,1,1,2,2
1365,3,2,3,1,2
1366,2,1,2,2,2
1367,2,0,2,3,3
1368,1,2,1,2,1
1369,2,0,2,2,3
1370,1,3,1,0,0
1371,1,3,1,0,0
1372,1,3,1,0,0
1373,3,3,3,0,1
1374,3,1,3,2,3
1375,3,2,3,2,3
1376,2,0,3,3,3
1377,2,0,3,3,3
1378,3,0,3,3,3
1379,1,1,1,1,1
1380,1,3,1,0,0
1381,1,3,1,0,0
1382,2,2,1,1,1
1383,2,2,2,1,1
1384,2,1,3,2,3
1385,3,3,3,0,2
1386,0,2,0,2,0
1387,3,1,3,3,3
1388,2,2,2,2,2
1389,1,2,1,0,0
1390,1,2,1,0,0
1391,3,1,3,2,3
1392,2,0,1,3,3
1393,3,1,3,2,3
1394,0,2,1,0,0
1395,3,1,3,2,2
1396,1,3,1,0,0
1397,2,2,2,1,1
1398,2,3,2,0,0
1399,0,1,0,2,2
1400,1,2,1,0,0
1401,3,1,3,2,3
1402,2,1,2,2,2
1403,3,1,3,2,3
1404,2,1,2,1,2
1405,1,0,1,2,2
1406,3,3,3,1,1
1407,0,2,0,1,0
1408,0,0,0,3,3
1409,3,1,3,2,3
1410,2,0,2,3,3
1411,3,1,3,2,3
1412,3,2,3,1,3
1413,2,1,2,2,2
1414,2,0,2,3,3
1415,3,3,3,0,1
1416,3,0,3,3,3
1417,1,3,1,0,0
1418,2,1,1,2,1
1419,1,0,1,3,3
1420,2,1,2,2,1
1421,0,3,1,0,0
1422,0,1,0,2,1
1423,3,0,2,3,3
1424,0,1,1,2,2
1425,1,3,0,0,0
1426,3,0,3,3,3
1427,0,2,1,1,1
1428,1,1,1,1,1
1429,3,1,3,2,3
1430,0,0,0,2,2
1431,2,3,2,0,0
1432,0,3,0,0,0
1433,2,3,2,0,1
1434,1,0,2,3,3
1435,1,1,0,2,1
1436,2,1,2,2,2
1437,1,2,1,1,1
1438,0,0,0,3,2
1439,0,3,0,0,0
1440,2,1,2,2,2
1441,2,0,2,3,3
1442,2,2,2,1,1
1443,3,3,2,0,0
1444,3,0,3,3,3
1445,1,0,1,3,2
1446,0,1,1,2,2
1447,1,2,0,1,1
1448,0,1,0,2,1
1449,1,3,2,0,0
1450,2,1,1,1,1
1451,3,2,3,1,2
1452,0,2,0,2,1
1453,1,3,2,0,0
1454,2,1,1,2,1
1455,1,0,2,3,3
1456,0,2,0,0,0
1457,3,0,3,3,3
1458,1,0,0,3,2
1459,0,2,0,1,0
1460,3,3,3,0,1
1461,2,2,1,1,1
1462,2,3,2,0,0
1463,1,1,2,2,2
1464,0,1,0,2,1
1465,3,3,3,0,2
1466,1,0,1,3,3
1467,0,2,0,0,0
1468,3,1,3,2,3
1469,1,0,0,3,3
1470,2,1,1,2,2
1471,0,3,0,0,0
1472,0,3,0,0,0
1473,3,3,3,0,1
1474,1,0,2,3,3
1475,3,0,3,2,3
1476,2,3,3,0,0
1477,3,2,3,1,2
1478,2,1,1,2,1
1479,1,0,1,3,3
1480,0,0,1,2,2
1481,3,0,3,3,3
1482,0,1,0,2,1
1483,0,2,1,2,1
1484,0,3,0,0,0
1485,2,3,1,0,0
1486,1,3,0,0,0
1487,0,2,0,1,0
1488,1,1,0,1,0
1489,0,3,0,0,0
1490,2,0,2,3,3
1491,1,1,1,2,1
1492,3,1,3,2,2
1493,3,2,3,1,2
1494,0,2,2,1,1
1495,3,2,3,1,2
1496,3,0,3,3,3
1497,2,3,3,0,1
1498,0,2,1,1,0
1499,1,2,1,1,1
1500,3,2,3,1,2
1501,1,3,1,0,0
1502,3,3,3,0,1
1503,1,0,0,3,2
1504,3,3,3,0,1
1505,2,2,2,1,1
1506,1,1,0,1,1
1507,3,1,3,2,3
1508,0,1,0,2,1
1509,1,1,0,2,1
1510,1,0,1,3,3
1511,0,2,1,1,1
1512,1,1,0,2,1
1513,0,0,1,3,3
1514,0,2,0,1,0
1515,1,2,2,1,2
1516,3,0,3,3,3
1517,3,0,3,3,3
1518,1,3,0,0,0
1519,1,0,1,3,3
1520,2,0,2,3,3
1521,2,2,2,1,1
1522,1,3,0,0,0
1523,2,3,1,0,0
1524,2,0,2,3,3
1525,1,3,1,1,0
1526,0,3,2,0,0
1527,1,3,1,0,0
1528,0,1,0,2,2
1529,0,3,0,0,0
1530,0,2,0,1,0
1531,3,1,2,1,2
1532,1,2,2,1,1
1533,1,2,0,1,0
1534,3,3,3,0,1
1535,2,0,3,3,3
1536,3,3,3,0,1
1537,1,1,1,2,2
1538,0,0,0,3,2
1539,2,2,0,1,0
1540,3,2,3,0,2
1541,2,0,2,3,3
1542,3,3,3,0,1
1543,2,3,2,0,1
1544,1,1,1,2,1
1545,1,1,1,2,2
1546,1,2,0,1,1
1547,2,1,2,1,1
1548,0,3,0,0,0
1549,1,1,0,2,2
1550,0,2,0,1,0
1551,3,2,3,0,1
1552,0,2,0,1,0
1553,1,0,1,3,2
1554,2,0,2,3,3
1555,3,0,3,3,3
1556,2,0,2,3,3
1557,0,0,0,3,2
1558,1,2,1,1,1
1559,0,2,0,1,0
1560,2,0,3,2,3
1561,2,0,2,3,3
1562,3,2,3,1,2
1563,2,0,3,3,3
1564,2,3,2,0,0
1565,1,2,2,0,1
1566,2,3,2,0,0
1567,2,1,2,2,2
1568,0,2,0,1,0
1569,3,2,3,1,2
1570,3,3,3,0,1
1571,3,2,3,1,2
1572,1,2,1,2,1
1573,0,3,0,0,0
1574,1,2,1,0,0
1575,1,1,1,1,1
1576,1,3,0,1,0
1577,1,2,2,0,1
1578,3,2,3,1,2
1579,2,2,1,1,1
1580,3,1,3,2,2
1581,0,3,0,1,0
1582,2,0,3,3,3
1583,0,0,1,3,2
1584,1,1,1,2,1
1585,0,3,0,1,0
1586,3,1,3,1,2
1587,0,1,0,3,1
1588,2,3,2,0,0
1589,2,0,2,3,3
1590,3,0,3,3,3
1591,1,2,2,0,0
1592,1,3,1,0,0
1593,1,0,2,3,3
1594,3,1,3,2,3
1595,1,2,1,1,1
1596,3,3,3,1,2
1597,1,3,0,0,0
1598,0,3,0,0,0
1599,2,2,1,1,1
1600,3,0,3,3,3
1601,1,3,0,0,0
1602,3,3,3,0,2
1603,3,0,3,3,3
1604,3,3,3,0,0
1605,3,2,3,1,2
1606,2,3,1,0,0
1607,1,3,2,0,0
1608,3,2,3,1,2
1609,3,1,3,2,3
1610,3,1,3,2,3
1611,1,1,1,2,1
1612,1,2,1,2,2
1613,0,0,0,3,1
1614,2,3,3,1,2
1615,3,3,2,0,1
1616,2,3,2,0,0
1617,0,1,0,2,0
1618,0,0,1,3,3
1619,0,1,0,2,1
1620,2,3,2,0,0
1621,1,2,1,1,0
1622,2,2,2,1,1
1623,2,3,1,0,0
1624,2,2,2,1,1
1625,0,3,2,0,0
1626,1,1,2,3,3
1627,0,2,0,1,0
1628,0,0,0,3,2
1629,3,0,2,3,3
1630,3,1,3,2,3
1631,0,1,0,3,1
1632,0,0,0,3,2
1633,0,0,0,3,2
1634,0,2,0,1,0
1635,3,2,3,1,2
1636,2,0,2,3,2
1637,1,3,1,0,0
1638,3,3,3,0,2
1639,3,0,3,3,3
1640,1,0,0,3,3
1641,3,3,3,1,2
1642,3,2,3,1,3
1643,1,1,1,2,2
1644,0,2,0,0,0
1645,3,0,3,3,3
1646,1,1,1,3,2
1647,3,3,3,0,1
1648,3,0,3,3,3
1649,2,2,1,1,1
1650,3,0,2,3,3
1651,0,2,2,2,2
1652,1,2,2,2,2
1653,3,1,2,3,3
1654,3,1,3,2,3
1655,2,1,1,2,2
1656,1,3,2,0,0
1657,1,1,1,2,2
1658,3,3,3,0,1
1659,0,1,0,1,0
1660,1,0,1,2,2
1661,0,2,0,0,0
1662,3,1,3,2,3
1663,2,0,3,3,3
1664,3,1,3,2,3
1665,1,2,0,0,0
1666,0,1,0,2,1
1667,0,2,0,1,0
1668,1,1,0,2,1
1669,3,1,3,2,2
1670,2,1,2,2,2
1671,0,0,0,3,2
1672,1,2,2,1,1
1673,2,0,2,3,3
1674,0,2,0,2,1
1675,2,3,3,0,1
1676,2,2,1,1,0
1677,2,2,2,1,1
1678,1,2,1,1,1
1679,2,1,2,2,2
1680,3,3,3,0,1
1681,1,0,0,3,3
1682,1,0,0,3,2
1683,1,2,1,0,0
1684,0,3,1,0,0
1685,2,1,2,2,2
1686,0,3,0,0,0
1687,2,2,3,1,2
1688,1,3,2,0,0
1689,1,0,1,3,3
1690,0,3,1,0,0
1691,3,3,2,1,1
1692,1,2,2,2,2
1693,0,3,0,0,0
1694,1,0,1,3,2
1695,1,1,0,2,1
1696,2,2,2,1,1
1697,3,2,3,1,2
1698,1,2,1,1,0
1699,0,1,1,2,1
1700,1,3,1,0,0
1701,2,3,1,0,0
1702,0,3,0,0,0
1703,2,2,1,0,0
1704,3,2,3,2,3
1705,3,2,3,1,2
1706,1,0,2,3,3
1707,1,2,2,2,2
1708,1,2,0,1,0
1709,0,2,0,1,0
1710,1,2,1,1,0
1711,1,0,0,3,2
1712,1,0,1,3,3
1713,0,0,1,2,2
1714,3,0,3,3,3
1715,1,1,1,2,1
1716,2,0,2,3,3
1717,2,2,0,1,1
1718,2,2,2,0,1
1719,3,0,3,3,3
1720,2,3,2,0,0
1721,3,2,3,1,2
1722,3,2,3,1,2
1723,2,0,2,3,3
1724,1,1,0,2,1
1725,2,2,1,1,1
1726,2,2,2,1,1
1727,1,0,1,3,2
1728,3,1,3,1,2
1729,3,1,3,3,3
1730,2,2,2,1,2
1731,3,1,2,2,2
1732,0,2,1,1,1
1733,2,1,2,2,2
1734,3,1,3,2,3
1735,1,3,0,1,0
1736,2,2,2,1,1
1737,3,1,3,2,3
1738,3,1,3,2,3
1739,1,3,1,0,0
1740,1,3,2,0,1
1741,2,0,2,3,3
1742,0,3,0,1,0
1743,2,1,2,2,2
1744,1,0,0,3,3
1745,3,1,3,2,3
1746,3,1,3,2,3
1747,3,2,3,2,3
1748,3,3,2,0,0
1749,2,3,2,0,0
1750,2,3,2,0,0
1751,0,3,0,0,0
1752,2,0,2,3,3
1753,3,0,3,3,3
1754,1,0,1,3,3
1755,2,2,2,1,1
1756,0,3,1,0,0
1757,1,2,1,1,1
1758,2,3,2,0,0
1759,3,1,3,2,3
1760,0,0,0,3,3
1761,2,3,2,0,1
1762,0,3,0,1,0
1763,0,1,1,2,1
1764,3,0,3,3,3
1765,2,1,3,2,3
1766,2,2,2,2,2
1767,3,1,3,2,3
1768,3,0,3,3,3
1769,0,1,2,3,2
1770,1,1,2,1,2
1771,1,3,1,0,0
1772,3,1,2,1,2
1773,1,2,1,2,1
1774,1,0,1,2,2
1775,3,0,3,3,3
1776,0,1,0,2,1
1777,2,0,0,3,2
1778,2,3,1,0,0
1779,3,2,3,0,2
1780,0,2,1,1,1
1781,1,1,2,2,2
1782,3,2,3,1,2
1783,0,3,0,0,0
1784,0,1,0,2,1
1785,3,3,3,0,2
1786,1,3,1,0,0
1787,2,3,2,1,1
1788,2,3,2,1,2
1789,0,3,1,0,0
1790,2,3,3,1,2
1791,1,1,1,2,2
1792,0,2,0,1,0
1793,1,3,0,0,0
1794,3,1,3,1,3
1795,0,0,0,3,3
1796,2,1,2,2,2
1797,3,0,3,3,3
1798,3,2,3,1,2
1799,1,1,1,2,2
1800,3,3,3,0,1
1801,3,2,3,0,1
1802,1,0,0,3,3
1803,2,1,1,1,1
1804,1,2,0,1,1
1805,1,2,1,1,1
1806,0,3,0,1,0
1807,2,0,2,3,3
1808,0,3,0,0,0
1809,2,2,1,1,1
1810,1,1,1,2,2
1811,1,3,1,0,0
1812,1,0,1,3,3
1813,1,0,1,3,3
1814,3,0,3,3,3
1815,2,2,2,1,2
1816,0,0,0,3,2
1817,1,2,1,0,0
1818,1,2,0,2,1
1819,2,0,2,3,3
1820,2,3,2,0,1
1821,2,1,2,2,2
1822,3,2,3,1,2
1823,2,0,1,3,3
1824,2,3,1,0,0
1825,2,3,2,0,0
1826,1,3,2,1,1
1827,3,3,3,0,1
1828,1,0,1,3,2
1829,0,0,0,3,2
1830,2,2,2,1,2
1831,0,2,0,0,0
1832,1,2,0,1,0
1833,2,3,2,0,0
1834,3,0,3,3,3
1835,0,0,0,3,2
1836,2,3,1,0,0
1837,2,0,1,3,2
1838,1,3,0,1,0
1839,1,3,1,0,0
1840,3,3,3,1,2
1841,3,0,3,3,3
1842,0,2,1,1,1
1843,0,3,0,0,0
1844,2,0,2,3,3
1845,1,2,0,1,0
1846,1,1,0,2,1
1847,3,1,3,3,3
1848,2,0,2,3,3
1849,1,0,1,3,2
1850,2,2,2,1,1
1851,1,1,1,1,1
1852,2,1,3,2,3
1853,0,2,0,1,0
1854,1,3,1,0,0
1855,2,0,2,2,2
1856,2,3,2,1,1
1857,0,1,0,2,0
1858,0,3,0,1,0
1859,0,2,1,1,0
1860,2,2,2,1,1
1861,2,1,3,2,2
1862,1,0,1,3,3
1863,0,2,0,1,0
1864,0,1,0,2,1
1865,2,3,2,0,1
1866,2,2,2,1,1
1867,1,0,1,3,3
1868,3,3,3,1,2
1869,1,2,1,1,1
1870,2,3,3,0,0
1871,2,2,0,1,0
1872,1,0,1,2,2
1873,0,3,0,0,0
1874,0,3,0,0,0
1875,0,1,0,2,1
1876,2,3,1,1,0
1877,3,2,3,0,2
1878,3,1,3,2,3
1879,2,0,2,3,3
1880,3,2,3,1,2
1881,2,0,3,3,3
1882,0,0,0,3,2
1883,1,3,0,0,0
1884,0,0,1,3,3
1885,3,0,3,3,3
1886,3,2,3,2,3
1887,2,1,3,2,3
1888,1,3,1,0,0
1889,0,1,0,2,1
1890,0,2,1,1,0
1891,2,0,2,3,3
1892,3,1,3,2,2
1893,3,3,3,0,1
1894,3,1,3,1,2
1895,0,0,0,3,3
1896,3,2,3,1,2
1897,1,1,1,2,2
1898,1,3,0,1,0
1899,1,3,1,0,0
1900,1,1,1,2,1
1901,1,3,0,0,0
1902,0,0,0,3,2
1903,0,3,0,0,0
1904,1,3,1,0,0
1905,0,1,0,2,0
1906,2,0,2,3,3
1907,2,1,3,2,2
1908,2,3,2,1,1
1909,0,1,0,3,2
1910,0,3,0,0,0
1911,2,1,1,2,2
1912,3,0,3,3,3
1913,2,0,1,3,3
1914,3,2,3,1,2
1915,2,0,2,3,3
1916,1,1,2,1,1
1917,2,3,2,0,0
1918,0,1,0,2,1
1919,1,1,1,1,1
1920,1,0,1,3,3
1921,2,3,2,0,0
1922,3,3,2,0,1
1923,0,0,0,3,2
1924,2,1,2,2,2
1925,2,3,2,0,0
1926,3,0,3,2,3
1927,3,0,3,2,3
1928,3,3,2,0,1
1929,1,1,1,2,2
1930,3,3,3,0,1
1931,0,0,0,3,2
1932,0,0,1,3,3
1933,2,3,2,0,0
1934,2,3,1,0,0
1935,1,1,2,2,2
1936,1,2,0,1,1
1937,2,0,2,3,3
1938,2,2,3,1,2
1939,3,1,3,2,3
1940,2,0,2,3,3
1941,1,0,2,3,3
1942,2,2,1,1,1
1943,0,0,1,2,2
1944,3,0,3,3,3
1945,0,0,2,3,3
1946,3,2,2,1,2
1947,2,1,2,2,2
1948,1,2,2,2,2
1949,2,0,2,3,3
1950,0,1,0,2,1
1951,0,2,0,0,0
1952,0,3,0,0,0
1953,0,1,0,2,1
1954,2,3,2,0,1
1955,2,0,2,2,2
1956,3,1,2,3,2
1957,3,1,3,2,3
1958,0,3,0,0,0
1959,0,3,0,0,0
1960,3,1,3,1,2
1961,2,2,3,0,1
1962,2,2,2,1,2
1963,3,0,3,2,3
1964,0,3,0,1,0
1965,0,3,1,0,0
1966,0,2,1,1,0
1967,3,3,3,0,2
1968,3,0,3,3,3
1969,0,3,1,0,0
1970,3,0,3,3,3
1971,2,2,2,1,1
1972,2,2,3,1,2
1973,3,2,2,0,1
1974,0,3,1,1,0
1975,1,3,1,0,0
1976,3,3,2,0,0
1977,1,0,1,3,2
1978,2,2,1,1,1
1979,1,2,1,1,1
1980,3,1,3,2,3
1981,3,0,3,2,3
1982,3,3,3,0,1
1983,0,1,0,2,1
1984,1,3,1,0,0
1985,1,0,1,3,3
1986,3,3,3,0,2
1987,0,3,0,0,0
1988,1,1,0,3,2
1989,0,1,0,1,0
1990,2,3,1,1,0
1991,2,1,3,2,2
1992,2,1,2,2,2
1993,2,2,2,1,2
1994,1,1,1,3,2
1995,0,0,0,3,2
1996,1,0,0,3,3
1997,2,2,2,1,1
1998,2,3,3,0,1
1999,2,1,2,2,2
